{
    "loss": 52.82179641723633,
    "accuracy": 0.7843137383460999
}