{
    "loss": 1.411189317703247,
    "accuracy": 0.8627451062202454
}